<world>
	<territory id="1">
		<name>Central America</name>
		<point>170,308</point>
		<units>1</units>
		<owner>null</owner>
		<neighbours>
			<name>Eastern United States</name>
			<name>Venezuela</name>
			<name>Western United States</name>
		</neighbours>
	</territory>
	<territory id="2">
		<name>Japan</name>
		<point>865,269</point>
		<units>1</units>
		<owner>null</owner>
		<neighbours>
			<name>Kamchatka</name>
			<name>Mongolia</name>
		</neighbours>
	</territory>
	<territory id="3">
		<name>Middle East</name>
		<point>566,331</point>
		<units>1</units>
		<owner>null</owner>
		<neighbours>
			<name>Egypt</name>
			<name>India</name>
			<name>East Africa</name>
			<name>Ukraine</name>
			<name>Southern Europe</name>
			<name>Afghanistan</name>
		</neighbours>
	</territory>
	<territory id="4">
		<name>Northwest Territory</name>
		<point>160,129</point>
		<units>1</units>
		<owner>null</owner>
		<neighbours>
			<name>Alaska</name>
			<name>Western Canada</name>
			<name>Greenland</name>
			<name>Central Canada</name>
		</neighbours>
	</territory>
	<territory id="5">
		<name>Central Canada</name>
		<point>228,190</point>
		<units>1</units>
		<owner>null</owner>
		<neighbours>
			<name>Western Canada</name>
			<name>Eastern United States</name>
			<name>Eastern Canada</name>
			<name>Northwest Territory</name>
			<name>Greenland</name>
			<name>Western United States</name>
		</neighbours>
	</territory>
	<territory id="6">
		<name>Madagascar</name>
		<point>560,576</point>
		<units>1</units>
		<owner>null</owner>
		<neighbours>
			<name>East Africa</name>
			<name>South Africa</name>
		</neighbours>
	</territory>
	<territory id="7">
		<name>Western Canada</name>
		<point>155,180</point>
		<units>1</units>
		<owner>null</owner>
		<neighbours>
			<name>Alaska</name>
			<name>Northwest Territory</name>
			<name>Central Canada</name>
			<name>Western United States</name>
		</neighbours>
	</territory>
	<territory id="8">
		<name>Eastern Australia</name>
		<point>853,573</point>
		<units>1</units>
		<owner>null</owner>
		<neighbours>
			<name>New Guinea</name>
			<name>Western Australia</name>
		</neighbours>
	</territory>
	<territory id="9">
		<name>Peru</name>
		<point>215,480</point>
		<units>1</units>
		<owner>null</owner>
		<neighbours>
			<name>Brazil</name>
			<name>Venezuela</name>
			<name>Argentina</name>
		</neighbours>
	</territory>
	<territory id="10">
		<name>Northern Europe</name>
		<point>465,230</point>
		<units>1</units>
		<owner>null</owner>
		<neighbours>
			<name>Scandinavia</name>
			<name>Western Europe</name>
			<name>Ukraine</name>
			<name>Southern Europe</name>
			<name>Great Britain</name>
		</neighbours>
	</territory>
	<territory id="11">
		<name>Western Europe</name>
		<point>408,290</point>
		<units>1</units>
		<owner>null</owner>
		<neighbours>
			<name>Northern Europe</name>
			<name>Southern Europe</name>
			<name>Great Britain</name>
			<name>North Africa</name>
		</neighbours>
	</territory>
	<territory id="12">
		<name>China</name>
		<point>732,300</point>
		<units>1</units>
		<owner>null</owner>
		<neighbours>
			<name>Siberia</name>
			<name>India</name>
			<name>Mongolia</name>
			<name>Ural</name>
			<name>Siam</name>
			<name>Afghanistan</name>
		</neighbours>
	</territory>
	<territory id="13">
		<name>Yakutsk</name>
		<point>814,127</point>
		<units>1</units>
		<owner>null</owner>
		<neighbours>
			<name>Siberia</name>
			<name>Kamchatka</name>
			<name>Yakutsk</name>
			<name>Irkutsk</name>
		</neighbours>
	</territory>
	<territory id="14">
		<name>Greenland</name>
		<point>376,77</point>
		<units>1</units>
		<owner>null</owner>
		<neighbours>
			<name>Eastern Canada</name>
			<name>Northwest Territory</name>
			<name>Iceland</name>
			<name>Central Canada</name>
		</neighbours>
	</territory>
	<territory id="15">
		<name>New Guinea</name>
		<point>870,475</point>
		<units>1</units>
		<owner>null</owner>
		<neighbours>
			<name>Eastern Australia</name>
			<name>Western Australia</name>
			<name>Indonesia</name>
		</neighbours>
	</territory>
	<territory id="16">
		<name>Irkutsk</name>
		<point>780,192</point>
		<units>1</units>
		<owner>null</owner>
		<neighbours>
			<name>Siberia</name>
			<name>Kamchatka</name>
			<name>Yakutsk</name>
			<name>Mongolia</name>
		</neighbours>
	</territory>
	<territory id="17">
		<name>Western United States</name>
		<point>154,244</point>
		<units>1</units>
		<owner>null</owner>
		<neighbours>
			<name>Western Canada</name>
			<name>Eastern United States</name>
			<name>Central America</name>
			<name>Central Canada</name>
		</neighbours>
	</territory>
	<territory id="18">
		<name>North Africa</name>
		<point>413,395</point>
		<units>1</units>
		<owner>null</owner>
		<neighbours>
			<name>Egypt</name>
			<name>Western Europe</name>
			<name>East Africa</name>
			<name>Brazil</name>
			<name>Congo</name>
			<name>Southern Europe</name>
		</neighbours>
	</territory>
	<territory id="19">
		<name>Afghanistan</name>
		<point>626,248</point>
		<units>1</units>
		<owner>null</owner>
		<neighbours>
			<name>Middle East</name>
			<name>India</name>
			<name>Ukraine</name>
			<name>China</name>
			<name>Ural</name>
		</neighbours>
	</territory>
	<territory id="20">
		<name>Scandinavia</name>
		<point>469,134</point>
		<units>1</units>
		<owner>null</owner>
		<neighbours>
			<name>Northern Europe</name>
			<name>Ukraine</name>
			<name>Iceland</name>
			<name>Great Britain</name>
		</neighbours>
	</territory>
	<territory id="21">
		<name>Eastern Canada</name>
		<point>300,185</point>
		<units>1</units>
		<owner>null</owner>
		<neighbours>
			<name>Eastern United States</name>
			<name>Greenland</name>
			<name>Central Canada</name>
		</neighbours>
	</territory>
	<territory id="22">
		<name>East Africa</name>
		<point>532,452</point>
		<units>1</units>
		<owner>null</owner>
		<neighbours>
			<name>Madagascar</name>
			<name>Egypt</name>
			<name>Middle East</name>
			<name>South Africa</name>
			<name>Congo</name>
			<name>North Africa</name>
		</neighbours>
	</territory>
	<territory id="23">
		<name>South Africa</name>
		<point>478,583</point>
		<units>1</units>
		<owner>null</owner>
		<neighbours>
			<name>Madagascar</name>
			<name>East Africa</name>
			<name>Congo</name>
		</neighbours>
	</territory>
	<territory id="24">
		<name>Iceland</name>
		<point>409,149</point>
		<units>1</units>
		<owner>null</owner>
		<neighbours>
			<name>Scandinavia</name>
			<name>Greenland</name>
			<name>Great Britain</name>
		</neighbours>
	</territory>
	<territory id="25">
		<name>Argentina</name>
		<point>235,560</point>
		<units>1</units>
		<owner>null</owner>
		<neighbours>
			<name>Peru</name>
			<name>Brazil</name>
		</neighbours>
	</territory>
	<territory id="26">
		<name>Great Britain</name>
		<point>407,204</point>
		<units>1</units>
		<owner>null</owner>
		<neighbours>
			<name>Scandinavia</name>
			<name>Northern Europe</name>
			<name>Western Europe</name>
			<name>Iceland</name>
		</neighbours>
	</territory>
	<territory id="27">
		<name>Western Australia</name>
		<point>764,567</point>
		<units>1</units>
		<owner>null</owner>
		<neighbours>
			<name>Eastern Australia</name>
			<name>New Guinea</name>
			<name>Indonesia</name>
		</neighbours>
	</territory>
	<territory id="28">
		<name>Mongolia</name>
		<point>795,245</point>
		<units>1</units>
		<owner>null</owner>
		<neighbours>
			<name>Siberia</name>
			<name>Japan</name>
			<name>Kamchatka</name>
			<name>China</name>
			<name>Irkutsk</name>
		</neighbours>
	</territory>
	<territory id="29">
		<name>Ural</name>
		<point>656,182</point>
		<units>1</units>
		<owner>null</owner>
		<neighbours>
			<name>Siberia</name>
			<name>Ukraine</name>
			<name>China</name>
			<name>Afghanistan</name>
		</neighbours>
	</territory>
	<territory id="30">
		<name>Alaska</name>
		<point>63,124</point>
		<units>1</units>
		<owner>null</owner>
		<neighbours>
			<name>Western Canada</name>
			<name>Kamchatka</name>
			<name>Northwest Territory</name>
		</neighbours>
	</territory>
	<territory id="31">
		<name>Egypt</name>
		<point>489,366</point>
		<units>1</units>
		<owner>null</owner>
		<neighbours>
			<name>Middle East</name>
			<name>East Africa</name>
			<name>Southern Europe</name>
			<name>North Africa</name>
		</neighbours>
	</territory>
	<territory id="32">
		<name>Eastern United States</name>
		<point>234,262</point>
		<units>1</units>
		<owner>null</owner>
		<neighbours>
			<name>Central America</name>
			<name>Eastern Canada</name>
			<name>Central Canada</name>
			<name>Western United States</name>
		</neighbours>
	</territory>
	<territory id="33">
		<name>Siberia</name>
		<point>708,156</point>
		<units>1</units>
		<owner>null</owner>
		<neighbours>
			<name>China</name>
			<name>Yakutsk</name>
			<name>Irkutsk</name>
			<name>Mongolia</name>
			<name>Ural</name>
		</neighbours>
	</territory>
	<territory id="34">
		<name>India</name>
		<point>666,353</point>
		<units>1</units>
		<owner>null</owner>
		<neighbours>
			<name>Middle East</name>
			<name>China</name>
			<name>Afghanistan</name>
			<name>Siam</name>
		</neighbours>
	</territory>
	<territory id="35">
		<name>Ukraine</name>
		<point>552,190</point>
		<units>1</units>
		<owner>null</owner>
		<neighbours>
			<name>Scandinavia</name>
			<name>Middle East</name>
			<name>Northern Europe</name>
			<name>Southern Europe</name>
			<name>Ural</name>
			<name>Afghanistan</name>
		</neighbours>
	</territory>
	<territory id="36">
		<name>Kamchatka</name>
		<point>900,124</point>
		<units>1</units>
		<owner>null</owner>
		<neighbours>
			<name>Alaska</name>
			<name>Japan</name>
			<name>Yakutsk</name>
			<name>Irkutsk</name>
			<name>Mongolia</name>
		</neighbours>
	</territory>
	<territory id="37">
		<name>Brazil</name>
		<point>300,460</point>
		<units>1</units>
		<owner>null</owner>
		<neighbours>
			<name>Peru</name>
			<name>Venezuela</name>
			<name>Argentina</name>
			<name>North Africa</name>
		</neighbours>
	</territory>
	<territory id="38">
		<name>Congo</name>
		<point>485,495</point>
		<units>1</units>
		<owner>null</owner>
		<neighbours>
			<name>East Africa</name>
			<name>South Africa</name>
			<name>North Africa</name>
		</neighbours>
	</territory>
	<territory id="39">
		<name>Southern Europe</name>
		<point>490,267</point>
		<units>1</units>
		<owner>null</owner>
		<neighbours>
			<name>Egypt</name>
			<name>Middle East</name>
			<name>Northern Europe</name>
			<name>Western Europe</name>
			<name>Ukraine</name>
			<name>North Africa</name>
		</neighbours>
	</territory>
	<territory id="40">
		<name>Venezuela</name>
		<point>208,395</point>
		<units>1</units>
		<owner>null</owner>
		<neighbours>
			<name>Central America</name>
			<name>Peru</name>
			<name>Brazil</name>
		</neighbours>
	</territory>
	<territory id="41">
		<name>Indonesia</name>
		<point>768,458</point>
		<units>1</units>
		<owner>null</owner>
		<neighbours>
			<name>New Guinea</name>
			<name>Western Australia</name>
			<name>Siam</name>
		</neighbours>
	</territory>
	<territory id="42">
		<name>Siam</name>
		<point>745,380</point>
		<units>1</units>
		<owner>null</owner>
		<neighbours>
			<name>India</name>
			<name>China</name>
			<name>Indonesia</name>
		</neighbours>
	</territory>
</world>